{"cameraMode":{"drawMode":0,"name":"Shaded","section":"Shading Mode"},"sceneLighting":false,"audioPlay":false,"sceneViewState":{"showFog":true,"showMaterialUpdate":false,"showSkybox":true,"showFlares":true,"showImageEffects":true,"showParticleSystems":true},"in2DMode":false,"pivot":{"x":-1.0305320024490357,"y":1.44734787940979,"z":18.01734161376953},"rotation":{"x":0.12745530903339387,"y":0.09655570983886719,"z":-0.012468259781599045,"w":0.9870545268058777},"size":4.835211277008057,"orthographic":false}