{"cameraMode":{"drawMode":0,"name":"Shaded","section":"Shading Mode"},"sceneLighting":false,"audioPlay":false,"sceneViewState":{"showFog":true,"showMaterialUpdate":false,"showSkybox":true,"showFlares":true,"showImageEffects":true,"showParticleSystems":true},"in2DMode":false,"pivot":{"x":-8.763733863830567,"y":4.482328414916992,"z":2.394990921020508},"rotation":{"x":0.001550306100398302,"y":0.9464161992073059,"z":-0.32291388511657717,"w":0.004543718416243792},"size":21.31670570373535,"orthographic":false}