{"cameraMode":{"drawMode":0,"name":"Shaded","section":"Shading Mode"},"sceneLighting":true,"audioPlay":false,"sceneViewState":{"showFog":true,"showMaterialUpdate":false,"showSkybox":true,"showFlares":true,"showImageEffects":true,"showParticleSystems":true},"in2DMode":false,"pivot":{"x":-4.353680610656738,"y":0.06145286560058594,"z":3.5285778045654299},"rotation":{"x":0.34271398186683657,"y":-0.005640764255076647,"z":0.0020578631665557625,"w":0.9394206404685974},"size":27.458040237426759,"orthographic":false}