{"cameraMode":{"drawMode":0,"name":"Shaded","section":"Shading Mode"},"sceneLighting":true,"audioPlay":false,"sceneViewState":{"showFog":true,"showMaterialUpdate":false,"showSkybox":true,"showFlares":true,"showImageEffects":true,"showParticleSystems":true},"in2DMode":false,"pivot":{"x":-4.101602554321289,"y":1.1553459167480469,"z":4.404117584228516},"rotation":{"x":0.3186556100845337,"y":-0.000004210207862342941,"z":0.0000014484293160421658,"w":0.9478706121444702},"size":27.458040237426759,"orthographic":false}