{"cameraMode":{"drawMode":0,"name":"Shaded","section":"Shading Mode"},"sceneLighting":false,"audioPlay":false,"sceneViewState":{"showFog":true,"showMaterialUpdate":false,"showSkybox":true,"showFlares":true,"showImageEffects":true,"showParticleSystems":true},"in2DMode":false,"pivot":{"x":-6.769184589385986,"y":2.009999990463257,"z":4.323553085327148},"rotation":{"x":0.001550306100398302,"y":0.9464161992073059,"z":-0.32291388511657717,"w":0.004543718416243792},"size":2.683621883392334,"orthographic":false}